{"cameraMode":{"drawMode":0,"name":"Shaded","section":"Shading Mode"},"sceneLighting":true,"audioPlay":false,"sceneViewState":{"m_AlwaysRefresh":false,"showFog":true,"showSkybox":true,"showFlares":true,"showImageEffects":true,"showParticleSystems":true,"showVisualEffectGraphs":true,"m_FxEnabled":true},"in2DMode":false,"pivot":{"x":0.21744966506958009,"y":-0.06233853101730347,"z":-0.19791686534881593},"rotation":{"x":0.07764687389135361,"y":-0.8986495137214661,"z":0.17753265798091889,"w":0.3935922086238861},"size":2.666025161743164,"orthographic":false}